"prompt","response"
"Расскажи кратко, чем отличается машинное обучение от классического программирования.","Машинное обучение и классический программирование в основном отличаются в том, что:

1. Применяемый метод: Машинное обучение обычно делится на задачи классификации (определение, что принадлежит или нет кertain class) и регулирования (оценка качества модели по определенным метрикам). Кlasification модели управляют классами или категориями.
2. Установленные алгоритмы: Машинное обучение основано на алгоритмах, которые обычно вычисляют гиперпараметры (например, случайные линейное модели) и оптимизируют улучшение их качества по определенным метрикам.
3. Использование искусственного интеллекта: Машинное обучение использует искусственный интеллект для обработки данных и принятия решений.
4. Требования к знаниям программистов: Машинное обучение требует значительных навыков в области машинного обучения, алгоритмического анализа и разработке алгоритмов.
5. Механизмы обучения: Машинное обучение часто использует методы обратного распространения (forward chaining) для обнаружения зависимостей между наблюдаемыми данными.
6. Примеры использования: Задачи, на которые обычно ориентирована машинная интеллекта в бизнес-стратегии, включают прогнозирование состояния производственных процессов, сопровождение медицинских учреждений и предсказание экономических реaldt.

Объективно говоря, машина может выдавать неограниченное количество решений, что делает её способным быть приближенной к человеческому интеллекту. Однако машина ограничена своей информацией и способностью работать над конкретными задачами по определенным параметрам."
"Что такое киберфизическая система? Приведи один бытовой пример.","Киберфизическая система (или кибернетика) - это комплексное решение для обеспечения безопасности и эффективности информационных технологий в обществе. Она помогает улучшить инструменты защиты информации, обмена данными и управления данными.

Бытовой пример из мира интернета - сеть Интернет. Ее основные элементы: серверы, хостing, сетевые карты, провайдеры сети. Сетевая система представляет собой комплекс технологий для управления доступом к интернету:

1. **Серверы**: Используются для разработки и управления доступом к интернету.

2. **Хостинг**: Определяет места для хранения данных и обмена данными между пользователями и серверами.

3. **Сеть карт**: Представляет собой сетевые протоколы для определения точной доступности в сети.

4. **Провайдеры сети**: Обеспечивают связь между различными секторами сети (например, интернет-магазин, сайт, электронная почта).

5. **Система безопасности**: Включает в себя меры защиты данных и обеспечения ими безопасности.

Это бытовое пример демонстрирует, как киберфизическая система может быть использована для управления информационной безопасностью в реальной жизни."
"Объясни простыми словами, зачем нужна функция активации в нейронной сети.","Внешняя активация — это часть вычислительных систем, которые используются для определения входных и выходных значений в модели. Эти вычисления обычно выполняются на узлах логического программирования или других устройств данных. Внешняя активация позволяет алгоритму обрабатывать данные как числовые, так и категориальные (считаем значения, например, по номенклатуре).

Обратите внимание, что в нейронной сети используется множество различных типов встроенных операций и функций. Один из важнейших является прямая активация, которая определяет входные значения как числовые. Заметьте, что она не учитывает категорию данных или метрические значения.

Внешняя активация также используется при обучении различных методов обучения и распознавания, таких как кросс-энкодиффузия (cross-entropy loss) и оптимизация на основе ошибки. Дополнительно, функции активации могут быть использованы для определения входных параметров или значениях.

Важно отметить, что в Python управлять функциями активации очень просто с помощью модуля torch. Используйте функцию `torch.nn.functional.relu` для написания встроенного функции активации relu (релейная активация)."
"Напиши простую функцию на Python, которая возвращает факториал числа.","Вот простая функция на Python, которая определяет и выводит факториал числа:

```python
def factorial(n):
    if n == 0:
        return 1
    result = 1
    for i in range(1, n + 1):
        result *= i
    return result

# Пример использования
print(factorial(5))  # Выведет 120
```

Эта функция принимает целое число `n` и возвращает факториал числа `n`. Факториал числа `n` (или `f(n)`) - это произведение всех натуральных чисел от 1 до n:

- `f(0) = 1` (ноль)
- `f(1) = 1`
- `f(2) = 2 * 1 = 2`
- `f(3) = 2 * 1 * 3 = 6`

Вот как вы можете использовать этот код:

```python
result = factorial(5)  # 5! = 120
print(result)  # Выведет 120
```

Таким образом, функция `factorial` позволяет легко найти факториал любого целого числа."
"Переведи на английский язык: 'Сегодня я написал клиент для локального LLM через HTTP API'.","Today I wrote the client for the local LLM through an HTTP API."
"Чем отличаются архитектуры CNN и Transformer в задачах компьютерного зрения?","Архитектура CNN (Convolutional Neural Network) и Transformer - это две фундаментальные технологии машинного обучения, использующие различные подходы к решению задачи компьютерного зрения. Вот основные различия между ними:

1. **Игровая архитектура (Dense Net)**:
   - **Архитектура**: Игровая архитектура представляет собой набор слоев, входящих в глубину и выходящих из пяти уровней: 50-200-100-50-1.
   - **Преимущества**: Приводит к большему объему данных для обучения и предсказания.
   - **Функции**: Игровая архитектура помогает улучшить производительность, так как она использует более сложные и глубокие глубины.

2. **Transformer**:
   - **Архитектура**: Transformer представляет собой модуль для развертывания модели с использованием искусственного интеллекта.
   - **Преимущества**: Приводит к меньшему объему данных и меньшему времени на обучение.
   - **Функции**: Даже без использования слоев, модель Transformer может обрабатывать большее количество данных за один раз.

3. **Обратные узлы (Recurrent Neural Network)**:
   - **Архитектура**: Игровая архитектура (Dense Net) и Transformer (Transformer) - это бинарные модаллы.
   - **Преимущества**: Один из них использует встроенные обратные узлы, что позволяет им эффективно управлять слоями и пропусками.
   - **Функции**: Игровая архитектура (Dense Net) может работать с слоями размером 50-200, но Transformer может работать в более мультилических масштабах.

4. **Обратные узлы без встроенных слоев**:
   - **Архитектура**: Игровая архитектура (Dense Net) и Transformer (Transformer) - это модальные модели без встроенных слоев.
   - **Преимущества**: Упрощают процесс обучения и обработки данных, позволяя им эффективно управлять этими слоями и пропусками.
   - **Функции**: Игровая архитектура (Dense Net) может работать с небольшими входными данными, но Transformer может работать в более мультилических масштабах.

5. **Временная выработка (Temporal Processing)**:
   - **Архитектура**: Игровая архитектура (Dense Net) и Transformer могут использовать временные выявления для обработки данных.
   - **Преимущества**: Выявляет важные моменты и общие закономерности в данных, что помогает улучшить эффективность предсказания.
   - **Функции**: Игровая архитектура (Dense Net) может работать с временной последовательностью 50-200-100-50-1.
   - **Замедление работы**: Игровое моделирование обычно требует медленных переходов в качестве, поэтому время обучения может быть увеличено.

6. **Прогрессионная генерация (Progressive Generation)**:
   - **Архитектура**: Игровая архитектура (Dense Net) и Transformer могут использовать прогрессионную генерацию для обработки данных.
   - **Преимущества**: Выполняет процесс моделирования на пиковой скорости, что увеличивает разнообразие подходов к задачам.
   - **Функции**: Игровая архитектура (Dense Net) может работать с временной последовательностью 50-200-100-50-1.
   - **Замедление работы**: Прогрессионная генерация обычно требует медленных переходов в качестве, поэтому время обучения может быть увеличено.

7. **Возможность использования слоев для анализа данных**:
   - **Архитектура**: Игровая архитектура (Dense Net) и Transformer не имеют глубинных слоев.
   - **Преимущества**: Слойами могут использоваться различные подходы к улучшению точности модели, такие как глубины для классификации или предсказаний.
   - **Функции**: Игровая архитектура (Dense Net) может работать с слоями размером 50-200-100-50-1, но Transformer может работать в более мультилических масштабах.

8. **Регулярные обучение (Regularization)**:
   - **Архитектура**: Игровая архитектура (Dense Net) не имеет регулярных меток.
   - **Преимущества**: Включает в себя алгоритмы обучения, такие как градиентное окадемирование и линейная регуляризация для уменьшения ошибки.
   - **Функции**: Игровая архитектура (Dense Net) может работать без использования меток, но Transformer может использовать регулярные метки для обучения.

В целом, это два важных инструмента для решения задач компьютерного зрения, использующие различные подходы к изучению и обработке данных. Игровое моделирование (Dense Net) и transformer (Transformer) - это две разновидности таких модалий машинного обучения, которые используются в разных областях исследований и приложений."
"Что такое IoU и как эта метрика применяется в задачах детекции объектов?","IoU, или Jaccard Index, - это метрика для оценки точности бинарного классификационного моделирования, которая используется в задачах детекции объектов. Она предполагает что объекты и их местоположение определяются двумя характеристиками: положением (в случае двухмерной задачи) или размером (в случае трехмерной задачи). 

В задаче детектирования объектов, метрика IoU используется для оценки точности и целостности обнаруженных объектов. Она определяет какую-то часть объекта будет считаться объектом, и какую не будет.

В частности, в задаче детекции объектов обычно используются метрики IoU (в случае двухмерной задачи), которая сравнивает положение объекта с поставленной границей (или с вершинами bounding boxes). Такая метrika помогает определить, какие объекты находятся внутри обозначенного контура.

Она используется в различных областях искусственного интеллекта, включая:

1. **Виртуальное обучение**: Требует введение контрастности между объектом и его местоположением для правильной оценки точности.
2. **Детектирование объектов**: В этом случае используется метрика IoU для оценки точности и целостности обнаруженных объектов.

Таким образом, IoU - это важная метрика, которая помогает детекторам объектов чувствовать себя хорошо во время обучения и виртуального обучения. Она играет ключевую роль в определении качества и точности работы динамики модели."
"Сочини короткое стихотворение (4 строки) про умный дом.","В лесу думала,
И в молоке дышал,
Умный дом — так называемый,
Каждый день, когда свет оказался ненадолго замкнутым."
"Назови три преимущества запуска LLM локально по сравнению с облачным API.","LLM (Language Model) по-прежнему имеет преимущества и отличается от облачного API, но некоторые из них являются особенно важными для пользователей:

1. Отличная производительность: LLM может работать над большим объемом текста с минимальным количеством операций. Это особенно важно для облачных систем, которые не имеют доступа к глубине и мощности машинного обучения.

2. Терминалный доступ: Локальный запуск LLM позволяет пользователям иметь возможность отладки кода, написания приложений или тестирования сессий по мере необходимости. Это особенно полезно для таких систем, как Google Colab или Jupyter Notebook, где процесс может быть более эффективным.

3. Возможность работы с разными системами и технологиями: Локальное запуск позволяет пользователям использовать разные технологии и системы для выполнения задач. Например, на облачном уровне пользователи могут работать с базовыми текстовыми алгоритками, а на местной среде - с более сложными системами машинного обучения или искусственного интеллекта.

Таким образом, LLM является мощным и доступным для разработчиков и пользователей, поскольку имеет отличные особенности по сравнению с облачным API."
"Что такое Docker-контейнер? Опиши одним-двумя предложениями.","Докер (Docker) — это инструмент для управления сборками и контейнерами. Он позволяет быстро и легко создавать, издавливать, перезапустить, виртуализировать и удалять собственные катастрофические библиотеки. 

Один из преимуществ Docker - его простота использования. Оно может быть использовано для создания различных типов контейнеров: это могут быть приложения, машины для хранения данных, или просто простые блоки кода и данных. Это делает его идеальным решением для обмена информацией и развертывания проектов виртуально.

Другое преимущество Docker — его поддержка многопользовательских контейнеров и ресурсов. В этом контексте, docker позволяет пользователям разместить приложения на несколько системах, использовать несколько процессорных конфигураций и выполнять задачи несколькими операционными системами."
